{
	"class_name" : "ViewTrajectory",
	"interval" : 29,
	"is_loop" : false,
	"trajectory" : 
	[
		{
			"boundingbox_max" : [ 8.8680810000000001, 2.8306990000000001, 2.319178 ],
			"boundingbox_min" : [ -6.7124969999999999, -14.759504, -9.7280680000000004 ],
			"field_of_view" : 60.0,
			"front" : [ -0.65547890924754737, 0.34416679335323058, 0.67223256235070938 ],
			"lookat" : [ -1.1608696539702934, -2.0844381730227788, -0.71391011774156521 ],
			"up" : [ 0.59299465181038602, -0.31664803994867258, 0.74033192671999715 ],
			"zoom" : 0.40199999999999935
		}
	],
	"version_major" : 1,
	"version_minor" : 0
}