{
	"class_name" : "ViewTrajectory",
	"interval" : 29,
	"is_loop" : false,
	"trajectory" : 
	[
		{
			"boundingbox_max" : [ 1.3055390119552612, 1.7555840015411377, 0.36645999550819397 ],
			"boundingbox_min" : [ -2.5273890495300293, -3.8022000789642334, -1.6396849155426025 ],
			"field_of_view" : 60.0,
			"front" : [ 0.7465048636797762, -0.27123369738029024, 0.60758766438091538 ],
			"lookat" : [ -0.15888979163022537, -1.3345529860567178, -0.50134754260592596 ],
			"up" : [ -0.65175265894915768, -0.11421015297497783, 0.74978297694075124 ],
			"zoom" : 0.37999999999999939
		}
	],
	"version_major" : 1,
	"version_minor" : 0
}