{
	"class_name" : "ViewTrajectory",
	"interval" : 29,
	"is_loop" : false,
	"trajectory" : 
	[
		{
			"boundingbox_max" : [ 0.8684689998626709, -0.45513099431991577, 0.53101801872253418 ],
			"boundingbox_min" : [ -2.7516961097717285, -4.6589670181274414, -1.6309270858764648 ],
			"field_of_view" : 60.0,
			"front" : [ 0.27972345614491118, -0.84770780901718989, 0.45071749313025505 ],
			"lookat" : [ -1.123676707444109, -2.1894192271624071, -0.81305898619980566 ],
			"up" : [ -0.27624528411280042, 0.37854033525302189, 0.88340011183606271 ],
			"zoom" : 0.55599999999999949
		}
	],
	"version_major" : 1,
	"version_minor" : 0
}