{
	"class_name" : "ViewTrajectory",
	"interval" : 29,
	"is_loop" : false,
	"trajectory" : 
	[
		{
			"boundingbox_max" : [ 3.4401099999999998, 2.6557930000000001, 1.9774750000000001 ],
			"boundingbox_min" : [ -6.1518170000000003, -5.8727070000000001, -7.8338780000000003 ],
			"field_of_view" : 60.0,
			"front" : [ -0.5500025210003826, 0.69954134350608543, 0.45622268205222405 ],
			"lookat" : [ 0.0, 0.0, 0.0 ],
			"up" : [ 0.19713773117634642, -0.42208719325920568, 0.88486107171307338 ],
			"zoom" : 0.49399999999999955
		}
	],
	"version_major" : 1,
	"version_minor" : 0
}