{
	"class_name" : "ViewTrajectory",
	"interval" : 29,
	"is_loop" : false,
	"trajectory" : 
	[
		{
			"boundingbox_max" : [ 0.94037097692489624, 2.4225029945373535, 0.34740200638771057 ],
			"boundingbox_min" : [ -3.875216007232666, -3.7188179492950439, -1.7408000230789185 ],
			"field_of_view" : 60.0,
			"front" : [ -0.79685502336499581, 0.41854624308071942, 0.43570760165618816 ],
			"lookat" : [ -0.77907624554334731, -0.056059228240094683, -1.7998000949262032 ],
			"up" : [ 0.38256612961860603, -0.20319962549155751, 0.90130631234266356 ],
			"zoom" : 0.61799999999999966
		}
	],
	"version_major" : 1,
	"version_minor" : 0
}