{
	"class_name" : "ViewTrajectory",
	"interval" : 29,
	"is_loop" : false,
	"trajectory" : 
	[
		{
			"boundingbox_max" : [ 0.88087797164916992, 0.93136000633239746, 0.70271998643875122 ],
			"boundingbox_min" : [ -4.161384105682373, -2.8290629386901855, -1.4779130220413208 ],
			"field_of_view" : 60.0,
			"front" : [ 0.90621380922054451, 0.22489302557891405, 0.35804979964238554 ],
			"lookat" : [ 0.0, 0.0, 0.0 ],
			"up" : [ -0.31626962745909365, -0.20148837036192696, 0.92702532832484197 ],
			"zoom" : 0.19799999999999934
		}
	],
	"version_major" : 1,
	"version_minor" : 0
}