{
	"class_name" : "ViewTrajectory",
	"interval" : 29,
	"is_loop" : false,
	"trajectory" : 
	[
		{
			"boundingbox_max" : [ 1.263267993927002, 2.1515240669250488, 0.80267500877380371 ],
			"boundingbox_min" : [ -4.127842903137207, -3.0541930198669434, -1.5236940383911133 ],
			"field_of_view" : 60.0,
			"front" : [ 0.30236651921089835, 0.78821044123407258, 0.53600260110364595 ],
			"lookat" : [ -0.81238142676971248, 0.30569688666339456, -0.57320585213193975 ],
			"up" : [ -0.24724000227344586, -0.47822488706035932, 0.84271782861876909 ],
			"zoom" : 0.34599999999999942
		}
	],
	"version_major" : 1,
	"version_minor" : 0
}