{
	"class_name" : "ViewTrajectory",
	"interval" : 29,
	"is_loop" : false,
	"trajectory" : 
	[
		{
			"boundingbox_max" : [ 2.4930789470672607, 2.0641090869903564, 0.64677399396896362 ],
			"boundingbox_min" : [ -1.2621190547943115, -1.4056140184402466, -1.5023200511932373 ],
			"field_of_view" : 60.0,
			"front" : [ 0.42314932722487492, 0.80428131997516417, 0.4172244062949137 ],
			"lookat" : [ 0.27803365579152661, 0.23816321740160554, -1.0382213638860018 ],
			"up" : [ -0.23108685610845489, -0.34945404246707401, 0.90800921643853971 ],
			"zoom" : 0.53999999999999959
		}
	],
	"version_major" : 1,
	"version_minor" : 0
}