{
	"class_name" : "ViewTrajectory",
	"interval" : 29,
	"is_loop" : false,
	"trajectory" : 
	[
		{
			"boundingbox_max" : [ 0.2771030068397522, 1.3364349603652954, 0.50414597988128662 ],
			"boundingbox_min" : [ -1.9694440364837646, -1.9205260276794434, -1.6146879196166992 ],
			"field_of_view" : 60.0,
			"front" : [ 0.59268054648765867, -0.70916857367724961, 0.38185036850010473 ],
			"lookat" : [ -0.91732249319874926, -0.98079440016362807, -0.49178188760666813 ],
			"up" : [ -0.2412237980865708, 0.29604061892327022, 0.92421373674286855 ],
			"zoom" : 0.48399999999999954
		}
	],
	"version_major" : 1,
	"version_minor" : 0
}